<?xml version="1.0" encoding="UTF-8"?>
<manifest identifier="FHIR_PUBLIC_HEALTH_2025" version="1.0" 
           xmlns="http://www.imsproject.org/xsd/imscp_rootv1p1p2" 
           xmlns:adlcp="http://www.adlnet.org/xsd/adlcp_rootv1p2" 
           xmlns:xsi="http://www.w3.org/2001/XMLSchema-instance" 
           xsi:schemaLocation="http://www.imsproject.org/xsd/imscp_rootv1p1p2 imscp_rootv1p1p2.xsd 
                                http://www.imsglobal.org/xsd/imsmd_rootv1p2p1 imsmd_rootv1p2p1.xsd 
                                http://www.adlnet.org/xsd/adlcp_rootv1p2 adlcp_rootv1p2.xsd">
    
    <metadata>
        <schema>ADL SCORM</schema>
        <schemaversion>1.2</schemaversion>
        <adlcp:location>metadata.xml</adlcp:location>
    </metadata>
    
    <organizations default="TOC1">
        <organization identifier="TOC1">
            <title>HL7 FHIR Public Health Training 2025</title>
            <item identifier="ITEM_1" identifierref="RESOURCE_1">
                <title>Course Overview</title>
                <adlcp:completionThreshold>1</adlcp:completionThreshold>
            </item>
            <item identifier="ITEM_2" identifierref="RESOURCE_2">
                <title>Day 1: Foundation</title>
                <adlcp:completionThreshold>1</adlcp:completionThreshold>
            </item>
            <item identifier="ITEM_3" identifierref="RESOURCE_3">
                <title>Day 2: Advanced Topics</title>
                <adlcp:completionThreshold>1</adlcp:completionThreshold>
            </item>
            <item identifier="ITEM_4" identifierref="RESOURCE_4">
                <title>Course Resources</title>
                <adlcp:completionThreshold>1</adlcp:completionThreshold>
            </item>
        </organization>
    </organizations>
    
    <resources>
        <resource identifier="RESOURCE_1" type="webcontent" adlcp:scormtype="sco" href="overview.html">
            <file href="overview.html"/>
            <file href="css/styles.css"/>
            <file href="js/scorm.js"/>
            <file href="images/hl7-logo.png"/>
        </resource>
        <resource identifier="RESOURCE_2" type="webcontent" adlcp:scormtype="sco" href="day1.html">
            <file href="day1.html"/>
            <file href="css/styles.css"/>
            <file href="js/scorm.js"/>
            <file href="presentations/CDC_2025_SESSION_02.pdf"/>
            <file href="presentations/CDC_2025_SESSION_03.pdf"/>
            <file href="presentations/CDC_2025_SESSION_04.pdf"/>
            <file href="presentations/CDC_2025_SESSION_05.pdf"/>
            <file href="assignments/Assignment%20%231%20-%20Navigate%20the%20Resource%20Definition%20_%20Explain%20the%20contents.pdf"/>
            <file href="assignments/Assignment%20%232%20-%20Create%20Immunization%20and%20Patient%20Resource%20based%20on%20a%20Profile.pdf"/>
            <file href="assignments/Assignment%20%233%20-%20Manage%20different%20FHIR%20reference%20types.pdf"/>
            <file href="assignments/Assignment%20%234%20-%20HL7%20V2.5%20TO%20FHIR%20Mapping.pdf"/>
        </resource>
        <resource identifier="RESOURCE_3" type="webcontent" adlcp:scormtype="sco" href="day2.html">
            <file href="day2.html"/>
            <file href="css/styles.css"/>
            <file href="js/scorm.js"/>
            <file href="presentations/CDC_2025_SESSION_06.pdf"/>
            <file href="presentations/CDC_2025_SESSION_07_A.pdf"/>
            <file href="presentations/CDC_2025_SESSION_07_B.pdf"/>
            <file href="presentations/CDC_2025_SESSION_07_C.pdf"/>
            <file href="presentations/CDC_2025_SESSION_08.pdf"/>
            <file href="presentations/CDC_2025_SESSION_09.pdf"/>
            <file href="presentations/CDC_2025_SESSION_10.pdf"/>
            <file href="assignments/Assignment%20%235%20-%20FHIR%20Operations.pdf"/>
            <file href="assignments/Assignment%20%236%20-%20P%20H%20Implementation%20Guides.pdf"/>
            <file href="assignments/Assignment%20%237%20-%20HL7%20Process%2C%20Activities%20and%20Resources.pdf"/>
            <file href="assignments/Workshop_%20Developing%20a%20FHIR%20Based%20Healthcare%20Interoperability%20Solution.pdf"/>
            <file href="assignments/FHIR%20Workshop%20-%20Proposed%20Solution.pdf"/>
            <file href="restfulgame.html"/>
            <file href="patient_example.json"/>
            <file href="immunization_example.json"/>
        </resource>
        <resource identifier="RESOURCE_4" type="webcontent" adlcp:scormtype="sco" href="resources.html">
            <file href="resources.html"/>
            <file href="css/styles.css"/>
            <file href="js/scorm.js"/>
            <file href="fhirteam.html"/>
            <file href="workgroups.html"/>
            <file href="restful.html"/>
        </resource>
    </resources>
</manifest> 