{
  "resourceType": "Patient",
  "id": "ImmDSPatientExample",
  "meta": {
    "profile": [
      "http://hl7.org/fhir/us/immds/StructureDefinition/immds-patient"
    ]
  },
  "text": {
    "status": "generated",
    "div": "<div xmlns=\"http://www.w3.org/1999/xhtml\"><p><b>Generated Narrative</b></p><p><b>identifier</b>: Medical record number: 1234</p><p><b>name</b>: Gene Wellington </p><p><b>gender</b>: male</p><p><b>birthDate</b>: 2020-04-28</p></div>"
  },
  "identifier": [
    {
      "type": {
        "coding": [
          {
            "system": "http://terminology.hl7.org/CodeSystem/v2-0203",
            "code": "MR"
          }
        ]
      },
      "system": "http://www.acme.com/identifiers/patient",
      "value": "1234"
    }
  ],
  "address": [
   {
    "line": [ "183 MOUNTAIN VIEW ST" ],
    "city": "MOUNDS",
    "state": "OK",
    "postalCode": "74048",
    "country": "US"
   }],
   "telecom": [
    {
      "system": "phone",
      "value": "123-456-7890"
    }
   ],
  "name": [
    {
      "family": "Wellington",
      "given": [
        "Gene"
      ]
    }
  ],
  "gender": "male",
  "birthDate": "2020-04-28"
}